ps_id,po_id
ps0001,po0001
ps0002,po0002
ps0002,po0003
ps0003,po0004
ps0004,po0005
ps0005,po0006
ps0006,po0007
ps0007,po0008
ps0008,po0009
ps0009,po0010
ps0010,po0011
ps0011,po0012
ps0012,po0013
ps0013,po0014
ps0014,po0015
ps0015,po0016
ps0016,po0017
ps0017,po0018
ps0018,po0019
ps0019,po0020
ps0020,po0021
ps0021,po0022
ps0022,po0023
ps0023,po0024
ps0024,po0025
ps0025,po0026
ps0026,po0027
ps0027,po0028
ps0028,po0029
ps0029,po0030
ps0030,po0031
ps0031,po0032
ps0032,po0033
ps0033,po0034
ps0034,po0035
ps0035,po0036
ps0036,po0037
ps0037,po0038
ps0038,po0039
ps0039,po0040
ps0040,po0041
ps0041,po0042
ps0042,po0043
ps0043,po0044
ps0044,po0045
ps0045,po0046
ps0046,po0047
ps0047,po0048
ps0048,po0049
ps0049,po0050
ps0050,po0051
ps0051,po0052
ps0052,po0053
ps0053,po0054
ps0054,po0055
ps0055,po0056
ps0056,po0057
ps0057,po0058
ps0058,po0059
ps0059,po0060
ps0060,po0061
ps0061,po0062
ps0062,po0063
ps0063,po0064
ps0064,po0065
ps0065,po0066
ps0066,po0067
ps0067,po0068
ps0068,po0069
ps0069,po0070
ps0070,po0071
ps0071,po0072
ps0072,po0073
ps0073,po0074
ps0074,po0075
ps0075,po0076
ps0076,po0077
ps0077,po0078
ps0078,po0079
ps0079,po0080
ps0080,po0081
ps0081,po0082
ps0082,po0083
ps0083,po0084
ps0084,po0085
ps0085,po0086
