ps_id,le_id
ps0001,le0001
ps0002,le0001
ps0002,le0001
ps0003,le0001
ps0004,le0001
ps0005,le0001
ps0006,le0001
ps0007,le0001
ps0008,le0001
ps0009,le0001
ps0010,le0001
ps0011,le0001
ps0012,le0001
ps0013,le0001
ps0014,le0001
ps0015,le0001
ps0016,le0001
ps0017,le0001
ps0018,le0001
ps0019,le0001
ps0020,le0001
ps0021,le0001
ps0022,le0001
ps0023,le0001
ps0024,le0001
ps0025,le0001
ps0026,le0001
ps0027,le0001
ps0028,le0001
ps0029,le0001
ps0030,le0001
ps0031,le0001
ps0032,le0001
ps0033,le0001
ps0034,le0001
ps0035,le0001
ps0036,le0001
ps0037,le0001
ps0038,le0001
ps0039,le0001
ps0040,le0001
ps0041,le0001
ps0042,le0001
ps0043,le0001
ps0044,le0001
ps0045,le0001
ps0046,le0001
ps0047,le0001
ps0048,le0001
ps0049,le0001
ps0050,le0001
ps0051,le0001
ps0052,le0001
ps0053,le0001
ps0054,le0001
ps0055,le0001
ps0056,le0001
ps0057,le0001
ps0058,le0001
ps0059,le0001
ps0060,le0001
ps0061,le0001
ps0062,le0001
ps0063,le0001
ps0064,le0001
ps0065,le0001
ps0066,le0001
ps0067,le0001
ps0068,le0001
ps0069,le0001
ps0070,le0001
ps0071,le0001
ps0072,le0001
ps0073,le0001
ps0074,le0001
ps0075,le0001
ps0076,le0001
ps0077,le0001
ps0078,le0001
ps0079,le0001
ps0080,le0001
ps0081,le0001
ps0082,le0001
ps0083,le0001
ps0084,le0001
ps0085,le0001
